,Account.Balance,Duration.of.Credit..month.,Payment.Status.of.Previous.Credit,Purpose,Credit.Amount,Value.Savings.Stocks,Length.of.current.employment,Instalment.per.cent,Sex...Marital.Status,Guarantors,Duration.in.Current.address,Most.valuable.available.asset,Age..years.,Concurrent.Credits,Type.of.apartment,No.of.Credits.at.this.Bank,Occupation,No.of.dependents,Telephone,Foreign.Worker,Creditability
0,1,9,3,4,2799,1,2,2,2,1,2,1,36,2,1,2,1,2,1,1,1
1,1,12,3,4,2122,1,2,3,2,1,2,1,39,2,1,2,1,2,1,2,1
2,2,24,2,3,3758,3,1,1,1,1,4,4,23,2,1,1,1,1,1,1,1
3,1,11,3,4,3905,1,2,2,2,1,2,1,36,2,1,2,1,2,1,1,1
4,1,6,3,3,1957,1,3,1,1,1,4,3,31,2,2,1,1,1,1,1,1
5,1,6,2,3,2647,3,2,2,2,1,3,1,44,2,1,1,1,2,1,1,1
6,2,36,3,3,2337,1,4,4,2,1,4,1,36,2,2,1,1,1,1,1,1
7,3,11,3,4,7228,1,2,1,2,1,4,2,39,2,2,2,1,1,1,1,1
8,2,36,2,3,2384,1,1,4,2,1,1,4,33,2,1,1,1,1,1,1,1
9,2,11,3,3,4771,1,3,2,2,1,4,2,51,2,2,1,1,1,1,1,1
10,3,15,2,4,3556,4,2,3,2,1,2,4,29,2,2,1,1,1,1,1,1
11,3,42,3,1,4796,1,4,4,2,1,4,4,56,2,3,1,1,1,1,1,1
12,3,36,3,4,6614,1,4,4,2,1,4,3,34,2,2,2,1,1,2,1,1
13,1,15,2,4,1721,1,1,2,2,1,3,1,36,2,2,1,1,1,1,1,1
14,1,6,3,4,860,1,4,1,1,1,4,4,39,2,2,2,1,1,2,1,1
15,3,12,3,4,1495,1,4,4,2,1,1,1,38,2,2,2,1,2,1,1,1
16,3,12,3,3,1934,1,4,2,2,1,2,4,26,2,2,2,1,1,1,1,1
17,3,18,2,1,3378,4,2,2,2,1,1,2,31,2,2,1,1,1,2,1,1
18,1,24,2,4,1755,1,4,4,1,2,4,1,58,2,2,1,1,1,2,1,1
19,2,18,2,3,1239,4,2,4,2,1,4,4,61,2,3,1,1,1,1,1,0
20,3,24,2,4,1474,2,1,4,3,1,3,1,33,2,2,1,1,1,2,1,1
21,3,12,2,4,640,1,2,4,1,1,2,1,49,2,2,1,1,1,1,1,1
22,3,36,2,3,3919,1,2,2,2,1,2,1,23,2,2,1,1,1,2,1,1
23,3,12,3,3,2331,4,4,1,2,2,4,1,49,2,2,1,1,1,2,1,1
24,3,24,2,1,6313,4,4,3,2,1,4,3,41,2,2,1,1,2,2,1,1
25,3,12,3,3,1655,1,4,2,2,1,4,1,63,2,2,2,1,1,2,1,1
26,1,15,2,3,1053,1,1,4,3,1,2,1,27,2,2,1,1,1,1,2,1
27,3,12,3,4,1163,3,2,4,2,1,4,1,44,2,2,1,1,1,2,1,1
28,3,36,3,4,10875,1,4,2,2,1,2,3,45,2,2,2,1,2,2,1,1
29,1,12,3,4,1344,1,2,4,2,1,2,1,43,2,2,2,1,2,1,1,1
30,3,6,3,3,1237,2,2,1,1,1,1,2,27,2,2,2,1,1,1,1,1
31,3,12,2,3,3077,1,2,2,2,1,4,3,52,2,2,1,1,1,2,1,1
32,3,24,2,3,2284,1,3,4,2,1,2,3,28,2,2,1,1,1,2,1,1
33,2,12,2,3,1567,1,2,1,1,1,1,3,22,2,2,1,1,1,2,1,1
34,3,24,3,4,2032,1,4,4,2,1,4,4,60,2,3,2,1,1,2,1,1
35,1,21,3,4,1602,1,4,4,3,1,3,3,30,2,2,2,1,1,2,1,1
36,3,15,2,3,1979,4,4,4,2,1,2,3,35,2,2,1,1,1,1,1,1
37,3,36,3,3,3342,4,4,4,2,1,2,3,51,2,2,1,1,1,2,1,1
38,2,18,2,4,5866,2,2,2,2,1,2,3,30,2,2,2,1,1,2,1,1
39,3,15,3,1,2360,3,2,2,2,1,2,3,36,2,2,1,1,1,2,1,1
40,1,12,2,4,3651,3,2,1,2,1,3,2,31,2,2,1,1,2,1,1,1
41,2,18,3,2,6361,1,4,2,2,1,1,4,41,2,2,1,1,1,2,1,1
42,3,27,3,2,4526,3,1,4,2,1,2,1,32,1,2,2,1,2,2,1,1
43,1,9,2,2,2136,1,2,3,2,1,2,1,25,2,2,1,1,1,1,1,1
44,3,24,3,2,3777,3,2,4,2,1,4,1,40,2,2,1,1,1,2,1,1
45,1,15,2,4,806,1,2,4,1,1,4,2,22,2,2,1,1,1,1,1,0
46,2,24,3,4,4712,4,2,4,2,1,2,2,34,1,2,2,1,1,2,1,1
47,3,12,3,4,1412,1,2,4,1,2,2,1,29,2,2,2,1,1,2,1,1
48,3,24,2,3,1533,1,1,4,1,1,3,3,38,1,2,1,1,1,2,1,1
49,1,15,2,4,3959,1,2,3,1,1,2,2,29,2,2,1,1,1,2,1,1
50,1,6,2,2,428,1,4,2,1,1,1,2,49,1,2,1,1,1,2,1,1
51,2,12,3,4,2366,3,3,3,1,1,3,3,36,2,2,1,1,1,2,1,1
52,2,18,2,4,6260,1,3,3,2,1,3,1,28,2,1,1,1,1,1,1,1
53,3,24,2,1,2603,3,2,2,1,1,4,3,28,2,1,1,1,1,2,1,1
54,3,24,2,2,3062,3,4,4,2,1,3,4,32,2,1,1,1,1,2,1,1
55,2,36,2,3,4795,1,1,4,1,1,1,4,30,2,2,1,1,1,2,1,0
56,3,36,3,1,5842,1,4,2,2,1,2,2,35,2,2,2,1,2,2,1,1
57,3,15,2,3,1213,3,4,4,2,1,3,2,47,1,2,1,1,1,2,1,1
58,3,15,2,3,874,4,1,4,1,1,1,1,24,2,2,1,1,1,1,1,1
59,3,18,2,4,1820,1,2,2,3,1,2,2,30,2,2,1,1,1,2,1,1
60,3,24,3,3,3148,4,2,3,2,1,2,3,31,2,2,2,1,1,2,1,1
61,3,36,2,3,3835,4,4,2,1,1,4,1,45,2,2,1,1,1,2,1,1
62,3,9,2,3,3832,4,4,1,2,1,4,1,64,2,2,1,1,1,1,1,1
63,2,24,2,3,5084,4,4,2,1,1,4,3,42,2,2,1,1,1,2,1,1
64,3,21,2,1,2476,4,4,4,2,1,4,1,46,2,2,1,1,1,2,1,1
65,1,24,2,1,2964,4,4,4,2,1,4,4,49,1,3,1,1,2,2,1,1
66,1,12,2,2,1262,4,4,2,1,1,4,2,49,2,2,1,1,1,2,1,1
67,3,12,2,4,1542,1,3,2,2,1,4,3,36,2,2,1,1,1,2,1,1
68,3,12,1,3,409,3,2,3,1,1,3,1,42,2,1,2,1,1,1,1,1
69,2,24,2,4,3512,2,3,2,2,1,3,3,38,1,2,2,1,1,2,1,1
70,1,12,2,3,1498,1,2,4,1,1,1,3,23,1,2,1,1,1,1,1,1
71,2,48,1,4,6416,1,4,4,1,1,3,4,59,2,1,1,1,1,1,1,0
72,2,12,3,2,3617,1,4,1,2,1,4,3,28,2,1,2,1,1,2,1,1
73,3,12,3,3,1291,1,2,4,1,1,2,2,35,2,2,2,1,1,1,1,1
74,3,24,2,2,3972,1,3,2,1,1,4,2,25,2,1,1,1,1,2,1,1
75,3,15,2,3,392,1,1,4,1,1,4,2,23,2,1,1,1,1,2,1,1
76,3,30,3,3,5771,1,3,4,1,1,2,3,25,2,2,2,1,1,1,1,1
77,3,6,3,3,1382,1,2,1,1,1,1,3,28,2,2,2,1,1,2,1,1
78,3,12,2,3,1297,1,2,3,3,1,4,1,23,2,1,1,1,1,1,1,1
79,3,12,2,3,1963,1,3,4,2,1,2,3,31,2,1,2,1,2,2,1,1
80,2,12,3,1,1804,2,1,3,2,1,4,2,44,2,2,1,1,1,1,1,1
81,3,18,2,4,1950,1,3,4,2,1,1,3,34,1,2,2,1,1,2,1,1
82,3,48,3,3,12749,3,3,4,2,1,1,3,37,2,2,1,1,1,2,1,1
83,3,9,2,3,1236,1,1,1,1,1,4,1,23,2,1,1,1,1,2,1,1
84,1,30,1,4,8072,4,1,2,2,1,3,3,25,1,2,2,1,1,1,1,1
85,3,30,3,3,2831,1,2,4,1,1,2,3,33,2,2,1,1,1,2,1,1
86,3,36,2,4,5742,2,3,2,2,1,2,3,31,2,2,2,1,1,2,1,1
87,3,12,2,4,2390,4,4,4,2,1,3,3,50,2,2,1,1,1,2,1,1
88,3,21,2,4,2923,2,2,1,1,1,1,3,28,1,2,1,1,1,2,1,1
89,2,48,2,4,8487,4,3,1,1,1,2,3,24,2,2,1,1,1,1,1,1
90,3,24,2,4,2255,4,1,4,2,1,1,2,54,2,2,1,1,1,1,1,1
91,3,18,3,2,1817,1,2,4,1,1,2,4,28,2,2,2,1,1,1,1,1
92,3,18,1,3,1445,4,3,4,2,1,4,3,49,1,2,1,1,1,1,1,1
93,1,24,2,2,7721,4,1,1,1,1,2,2,30,2,2,1,1,1,2,2,1
94,1,21,2,4,3763,4,3,2,2,2,2,1,24,2,2,1,1,1,1,2,1
95,2,15,2,3,1444,4,1,4,2,1,1,2,23,2,2,1,1,1,1,1,1
96,3,9,2,3,2753,2,4,3,2,2,4,3,35,2,2,1,1,1,2,1,1
97,1,24,1,2,2483,3,2,4,2,1,4,1,22,1,2,1,1,1,2,1,1
98,3,6,3,4,1299,1,2,1,2,1,1,1,74,2,2,2,1,2,1,2,1
99,3,10,2,4,1287,4,4,4,2,2,2,2,45,2,2,1,1,1,1,2,1
100,1,18,1,3,1940,1,1,3,2,2,4,4,36,1,3,1,1,1,2,1,0
101,3,24,3,1,4679,1,3,3,2,1,3,3,35,2,2,2,1,1,2,1,1
102,1,18,2,2,2659,3,2,4,2,1,2,3,28,2,2,1,1,1,1,1,1
103,3,14,3,4,802,1,2,4,2,1,2,3,27,2,2,2,1,1,1,1,1
104,3,21,2,4,1572,3,4,4,1,1,4,1,36,1,2,1,1,1,1,1,1
105,3,6,1,3,426,1,4,4,3,1,4,3,39,2,2,1,1,1,1,1,1
106,1,30,2,1,3857,1,2,4,1,1,4,2,40,2,2,1,1,1,2,1,1
107,2,12,2,4,685,1,3,2,3,1,3,3,25,1,2,1,1,1,1,1,1
108,1,24,2,3,1603,1,4,4,1,1,4,3,55,2,2,1,1,1,1,1,1
109,3,4,2,2,601,1,1,1,1,1,3,1,23,2,1,1,1,2,1,1,1
110,3,15,3,3,1316,3,2,2,3,1,2,2,47,2,2,2,1,1,1,1,1
111,3,60,2,4,10366,1,4,2,2,1,4,2,42,2,2,1,1,1,2,1,1
112,3,18,2,4,1568,2,2,3,1,1,4,2,24,2,1,1,1,1,1,1,1
113,3,18,3,3,629,3,4,4,2,1,3,2,32,1,2,2,1,1,2,1,1
114,3,6,1,3,1750,3,4,2,2,1,4,2,45,1,2,1,1,2,1,1,1
115,3,24,2,1,3488,2,3,3,1,1,4,3,23,2,2,1,1,1,1,1,1
116,2,15,2,3,2631,2,2,3,1,1,2,1,25,2,2,1,1,1,1,1,1
117,3,21,2,1,5248,4,2,1,2,1,3,3,26,2,2,1,1,1,1,1,1
118,2,18,3,3,6204,1,2,2,2,1,4,1,44,2,2,1,1,2,2,1,1
119,3,12,2,3,804,1,4,4,2,1,4,3,38,2,2,1,1,1,1,1,1
120,1,15,3,2,3643,1,4,1,1,1,4,2,27,2,2,2,1,1,1,1,1
121,3,10,3,2,2146,1,1,1,1,1,3,1,23,2,1,2,1,1,1,1,1
122,3,5,2,4,3448,1,3,1,2,1,4,1,74,2,2,1,1,1,1,1,1
123,3,15,2,2,2708,1,1,2,2,1,3,2,27,1,2,2,1,1,1,1,1
124,3,22,2,3,2675,3,4,3,2,1,4,3,40,2,2,1,1,1,1,1,1
125,2,9,2,3,2118,1,2,2,2,1,2,1,37,2,2,1,1,2,1,1,1
126,3,15,1,3,1569,2,4,4,2,1,4,3,34,1,2,1,1,2,1,1,0
127,3,36,3,2,7678,3,3,2,1,1,4,3,40,2,2,2,1,1,2,1,1
128,3,12,1,4,3447,3,2,4,1,1,3,1,35,2,2,1,1,2,1,1,1
129,3,15,2,3,3568,1,4,4,1,1,2,3,54,1,1,1,1,1,2,1,1
130,2,21,3,4,3652,1,3,2,2,1,3,2,27,2,2,2,1,1,1,1,1
131,1,24,2,3,3660,1,2,2,1,1,4,3,28,2,2,1,1,1,1,1,1
132,3,9,2,3,1126,2,4,2,1,1,4,1,49,2,2,1,1,1,1,1,1
133,3,6,3,3,683,1,1,2,1,1,1,2,29,1,2,1,1,1,1,1,1
134,3,12,2,2,2251,1,2,1,1,1,2,3,46,2,2,1,1,1,1,1,1
135,3,12,2,1,4675,4,1,1,1,1,4,3,20,2,1,1,1,1,1,1,1
136,2,21,3,4,2353,1,2,1,1,1,4,2,47,2,2,2,1,1,1,1,1
137,3,6,2,4,672,1,1,1,1,1,4,1,54,2,2,1,1,1,2,1,1
138,1,6,3,3,338,3,4,4,2,1,4,3,52,2,2,2,1,1,1,1,1
139,3,9,2,4,2507,3,4,2,2,1,4,4,51,2,3,1,1,1,1,1,1
140,3,15,3,3,1478,1,2,4,3,1,3,1,33,1,2,2,1,1,1,1,1
141,3,12,3,3,3565,4,1,2,2,1,1,2,37,2,2,2,1,2,1,1,1
142,3,9,2,2,2301,2,1,2,1,1,4,2,22,2,1,1,1,1,1,1,1
143,3,6,3,4,1743,2,2,1,2,1,2,1,34,2,2,2,1,1,1,1,1
144,3,18,3,3,2320,1,1,2,3,1,3,1,34,2,2,2,1,1,1,1,1
145,3,24,2,3,5152,1,3,4,2,1,2,3,25,1,2,1,1,1,1,1,1
146,3,9,3,3,3074,4,2,1,2,1,2,1,33,2,2,2,1,2,1,1,1
147,3,6,1,4,783,4,2,1,2,2,2,1,26,1,2,1,1,2,1,1,1
148,1,21,2,3,2606,1,1,4,1,1,4,2,28,2,1,1,1,1,2,1,0
149,3,54,1,1,9436,4,2,2,2,1,2,2,39,2,2,1,1,2,1,1,1
150,3,6,3,4,250,3,2,2,1,1,2,1,41,1,2,2,1,1,1,1,1
151,1,6,2,4,662,1,1,3,2,1,4,1,41,2,2,1,1,2,2,1,1
152,3,24,1,4,1559,1,3,4,2,1,4,3,40,1,2,1,1,1,2,1,0
153,3,12,2,3,3016,1,2,3,3,1,1,3,24,2,2,1,1,1,1,1,1
154,3,6,1,4,1204,2,2,4,2,1,1,4,35,1,1,1,1,1,1,2,1
155,3,10,2,4,1597,3,2,3,2,1,2,4,40,2,1,1,1,2,1,2,1
156,3,12,2,3,2073,2,2,4,1,2,2,1,28,2,2,1,1,1,1,1,0
157,1,10,3,2,2132,4,1,2,1,2,3,1,27,2,1,2,1,1,1,2,1
158,3,10,2,4,1418,2,2,3,2,1,2,1,35,2,1,1,1,1,1,2,1
159,3,6,3,4,1343,1,4,1,2,1,4,1,46,2,2,2,1,2,1,2,1
160,3,18,2,4,2662,4,3,4,2,1,3,2,32,2,2,1,1,1,1,2,1
161,3,18,3,3,6070,1,4,3,2,1,4,3,33,2,2,2,1,1,2,1,1
162,3,6,3,3,1554,1,3,1,1,1,2,3,24,2,1,2,1,1,2,1,1
163,1,9,3,3,1288,2,4,3,2,2,4,1,48,2,2,2,1,2,1,2,1
164,1,10,3,4,1038,1,3,4,2,2,3,2,49,2,2,2,1,1,2,1,1
165,3,10,2,1,2848,2,2,1,2,2,2,1,32,2,2,1,1,2,1,1,1
166,3,12,2,1,1413,3,3,3,2,1,2,2,55,2,2,1,1,1,1,2,1
167,3,18,3,1,3229,4,1,2,2,1,4,4,38,2,2,1,1,1,2,1,1
168,3,9,2,4,3577,2,2,1,2,2,2,1,26,2,1,1,1,2,1,2,1
169,3,10,2,3,1924,1,2,1,2,1,4,2,38,2,2,1,1,1,2,2,1
170,3,10,2,3,727,3,4,4,2,1,4,4,46,2,3,1,1,1,2,1,1
171,3,10,3,4,781,1,4,4,2,1,4,4,63,2,3,2,1,1,2,1,1
172,3,10,3,2,2069,4,2,2,3,1,1,3,26,2,2,2,1,1,1,2,1
173,3,24,2,4,1525,3,3,4,1,1,3,3,34,2,2,1,1,2,2,1,1
174,3,48,3,4,7629,4,4,4,1,1,2,3,46,1,2,2,1,2,1,1,1
175,1,12,3,4,3499,1,2,3,1,2,2,1,29,2,2,2,1,1,1,1,1
176,1,24,2,1,2924,1,2,3,2,2,4,4,63,1,2,1,1,2,2,1,1
177,3,10,3,4,1231,1,4,3,2,1,4,1,32,2,2,2,1,2,1,2,1
178,3,15,3,4,5045,4,4,1,1,1,4,3,59,2,2,1,1,1,2,1,1
179,3,12,3,4,1255,1,4,4,2,1,4,1,61,2,2,2,1,1,1,1,1
180,3,12,1,2,2759,1,4,2,2,1,4,2,34,2,2,2,1,1,1,1,1
181,1,15,2,4,1403,1,2,2,1,1,4,3,28,2,1,1,1,1,1,1,1
182,1,24,2,4,6568,1,2,2,3,1,2,3,21,1,2,1,1,1,1,1,0
183,2,24,3,1,7758,3,4,2,1,1,4,4,29,2,1,1,1,1,1,1,1
184,3,21,3,2,1591,2,3,4,2,1,3,1,34,2,2,2,1,1,1,1,1
185,1,27,2,3,3416,1,2,3,2,1,2,3,27,2,2,1,1,1,1,1,1
186,2,15,2,3,1514,2,2,4,2,2,2,1,22,2,2,1,1,1,1,1,0
187,3,30,3,3,6742,4,3,2,2,1,3,2,36,2,2,2,1,1,1,1,1
188,2,9,2,3,458,1,2,4,2,1,3,1,24,2,2,1,1,1,1,1,1
189,2,9,2,2,918,1,2,4,1,1,1,2,30,2,2,1,1,1,1,1,1
190,1,24,2,1,2812,4,4,2,1,1,4,1,26,2,1,1,1,1,1,1,1
191,3,12,3,4,1480,3,1,2,2,1,4,4,66,1,3,2,1,1,1,1,1
192,2,9,2,3,1206,1,4,4,1,1,4,1,25,2,2,1,1,1,1,1,1
193,3,12,2,3,707,1,2,4,2,1,2,1,30,1,2,2,1,1,1,1,1
194,2,12,2,4,6078,1,3,2,2,1,2,3,32,2,2,1,1,1,1,1,1
195,2,27,2,4,2528,1,1,4,1,1,1,2,32,2,2,1,1,2,2,1,1
196,1,6,2,1,1352,3,1,1,1,1,2,2,23,2,1,1,1,1,2,1,1
197,3,24,2,3,3181,1,1,4,1,1,4,2,26,2,2,1,1,1,2,1,1
198,2,48,2,4,5381,4,1,3,2,1,4,4,40,1,3,1,1,1,2,1,1
199,2,18,2,4,1913,3,1,3,3,1,3,1,36,1,2,1,1,1,2,1,1
200,3,12,3,3,976,4,4,4,2,1,4,3,35,2,2,2,1,1,1,1,1
201,3,24,3,4,2375,3,2,4,2,1,2,3,44,2,2,2,1,2,2,1,1
202,3,12,3,3,522,3,4,4,2,1,4,2,42,2,2,2,1,2,2,1,1
203,3,18,3,3,1169,4,2,4,2,1,3,2,29,2,2,2,1,1,2,1,1
204,1,15,3,2,1478,1,4,4,2,1,4,3,44,2,2,2,1,2,2,1,1
205,3,12,2,3,776,1,2,4,3,1,2,1,28,2,2,1,1,1,1,1,1
206,2,16,3,4,1175,1,1,2,2,1,3,3,68,2,3,2,1,1,2,1,1
207,3,12,2,4,2133,4,4,4,1,1,4,4,52,2,3,1,1,1,2,1,1
208,3,30,3,3,4530,1,3,4,1,1,4,3,26,2,1,1,1,1,2,1,1
209,2,18,3,4,1887,4,2,4,3,1,4,1,28,1,2,2,1,1,1,1,1
210,3,12,3,4,1264,4,4,4,2,1,4,4,57,2,1,1,1,1,1,1,1
211,3,15,3,3,1532,2,2,4,1,1,3,3,31,2,2,1,1,1,1,1,1
212,3,6,3,3,935,1,2,3,1,1,2,1,24,2,2,1,1,1,1,1,1
213,1,27,3,4,2442,1,4,4,2,1,4,3,43,1,2,2,1,2,2,1,0
214,1,39,3,2,14179,4,3,4,2,1,4,2,30,2,2,2,1,1,2,1,0
215,3,12,3,3,618,1,4,4,2,1,4,1,56,2,2,1,1,1,1,1,1
216,3,12,2,2,1574,1,2,4,2,1,2,1,50,2,2,1,1,1,1,1,1
217,3,36,2,1,4686,1,2,2,2,1,2,4,32,2,3,1,1,1,2,1,1
218,2,9,2,3,790,3,2,4,1,1,3,1,66,2,2,1,1,1,1,1,1
219,1,14,2,4,3973,1,1,1,2,1,4,4,22,2,3,1,1,1,1,1,1
220,2,20,3,4,2629,1,2,2,2,1,3,3,29,1,2,2,1,1,2,1,0
221,2,18,2,4,1941,3,2,4,2,1,2,2,35,2,2,1,1,1,2,1,1
222,2,24,3,2,2333,4,1,4,2,1,2,2,29,1,2,1,1,1,1,1,0
223,3,12,2,1,2445,4,1,2,3,1,4,3,26,2,1,1,1,1,2,1,1
224,2,20,2,1,6468,4,1,1,1,1,4,1,60,2,2,1,1,1,2,1,1
225,3,15,2,1,3812,2,1,1,1,1,4,3,23,2,2,1,1,1,2,1,1
226,2,12,2,1,2028,4,2,4,2,1,2,3,30,2,2,1,1,1,1,1,1
227,3,15,2,4,5324,3,4,1,1,1,4,4,35,2,3,1,1,1,1,1,1
228,3,12,2,3,1393,1,4,4,2,1,4,2,47,1,2,2,1,2,2,1,1
229,3,36,2,4,7409,4,4,3,2,1,2,2,37,2,2,2,1,1,1,1,1
230,3,15,2,2,2186,4,3,1,1,1,4,1,33,1,1,1,1,1,1,1,1
231,3,18,2,2,3422,1,4,4,2,1,4,2,47,1,2,2,1,2,2,1,1
232,2,18,2,3,3872,1,1,2,1,1,4,3,67,2,2,1,1,1,2,1,1
233,3,27,2,3,5190,4,4,4,2,1,4,2,48,2,2,2,1,2,2,1,1
234,2,18,2,2,3001,1,3,2,1,1,4,1,40,2,1,1,1,1,1,1,1
235,3,24,3,4,3863,1,2,1,2,1,2,4,32,2,3,1,1,1,1,1,1
236,3,12,3,2,1592,3,3,3,1,1,2,2,35,2,2,1,1,1,1,1,1
237,3,18,3,2,3780,1,1,3,1,1,2,3,35,2,2,2,1,1,2,1,1
238,3,12,2,4,1076,1,2,2,3,1,2,1,26,2,2,1,1,1,2,1,1
239,3,18,2,3,2051,1,1,4,2,1,1,1,33,2,2,1,1,1,1,1,1
240,1,18,1,4,3104,1,3,3,2,1,1,2,31,1,2,1,1,1,2,1,1
241,3,24,3,3,2611,1,4,4,3,2,3,1,46,2,2,2,1,1,1,1,1
242,1,12,2,3,1680,3,4,3,3,1,1,1,35,2,2,1,1,1,1,1,1
243,3,6,2,3,1595,1,3,3,2,1,2,2,51,2,2,1,1,2,1,1,1
244,3,24,3,3,2058,1,2,4,1,1,2,1,33,2,2,2,1,1,2,1,1
245,3,24,2,1,7814,1,3,3,2,1,3,3,38,2,2,1,1,1,2,1,1
246,3,6,3,3,1740,1,4,2,3,1,2,1,30,2,1,2,1,1,1,1,1
247,3,24,3,1,6842,4,2,2,2,1,4,2,46,2,2,2,1,2,2,1,1
248,3,24,3,2,5150,1,4,4,2,1,4,3,33,2,2,1,1,1,2,1,1
249,3,6,3,4,2080,3,2,1,3,1,2,3,24,2,2,1,1,1,1,1,1
250,2,24,3,4,3878,2,1,4,1,1,2,3,37,2,2,1,1,1,2,1,1
251,3,36,2,3,1819,1,2,4,2,1,4,4,37,1,3,1,1,1,2,1,1
252,3,36,3,2,7127,1,1,2,1,1,4,2,23,2,1,2,1,1,2,1,0
253,3,36,2,2,3349,1,2,4,1,1,2,3,28,2,2,1,1,1,2,1,1
254,3,36,2,2,10974,1,1,4,1,1,2,3,26,2,2,2,1,1,2,1,0
255,3,6,2,3,518,1,2,3,1,1,1,1,29,2,2,1,1,1,1,1,1
256,3,18,2,3,1126,4,1,4,1,1,2,1,21,2,1,1,1,1,2,1,1
257,3,18,2,3,1505,1,2,4,2,1,2,4,32,2,3,1,1,1,2,1,1
258,3,4,3,3,1503,1,3,2,2,1,1,1,42,2,2,2,1,2,1,1,1
259,3,12,2,3,1881,1,2,2,1,1,2,3,44,2,1,1,1,1,2,1,1
260,1,18,3,3,1880,1,3,4,3,1,1,2,32,2,2,2,1,1,2,1,1
261,1,18,2,3,2389,1,1,4,1,1,1,3,27,1,2,1,1,1,1,1,1
262,3,4,3,4,1455,1,3,2,2,1,1,1,42,2,2,2,1,2,1,1,1
263,2,18,1,2,3244,1,2,1,1,1,4,3,33,1,2,2,1,1,2,1,0
264,2,48,2,3,3979,4,3,4,2,1,1,3,41,2,2,2,1,2,2,1,1
265,2,12,2,2,1922,1,2,4,2,1,2,2,37,2,2,1,1,1,1,1,1
266,2,18,3,2,1295,1,1,4,1,1,1,2,27,2,2,2,1,1,1,1,1
267,2,30,2,3,1715,4,2,4,1,1,1,3,26,2,2,1,1,1,1,1,1
268,3,10,3,3,1347,4,3,4,2,1,2,2,27,2,2,2,1,1,2,1,1
269,2,12,2,4,1007,3,2,4,3,1,1,1,22,2,2,1,1,1,1,1,1
270,3,12,3,3,2096,1,3,2,2,1,3,1,49,2,2,1,1,2,1,1,1
271,3,12,2,4,1101,1,2,3,3,1,2,1,27,2,2,2,1,1,2,1,1
272,3,10,2,4,894,4,3,4,1,1,3,2,40,2,2,1,1,1,2,1,1
273,2,48,1,4,8358,3,1,1,1,1,1,3,30,2,2,2,1,1,1,1,1
274,2,60,2,4,7408,2,1,4,1,1,2,2,24,2,2,1,1,1,1,1,0
275,2,36,3,4,9857,2,3,1,2,1,3,2,31,2,2,2,1,2,2,1,1
276,3,12,3,2,1935,1,4,4,2,1,4,1,43,2,2,2,1,1,2,1,1
277,3,48,2,3,10222,4,3,4,2,1,3,3,37,1,2,1,1,1,2,1,1
278,3,36,2,3,9055,4,2,2,2,1,4,4,35,2,3,1,1,2,2,1,1
279,2,30,1,2,3496,3,2,4,2,1,2,3,34,1,2,1,1,2,2,1,0
280,1,36,2,2,3446,1,4,4,2,1,2,3,42,2,2,1,1,2,1,1,1
281,1,12,2,3,684,1,2,4,2,1,4,3,40,2,1,1,1,2,1,1,1
282,1,24,2,2,2359,2,1,1,1,1,1,2,33,2,2,1,1,1,1,1,1
283,3,24,2,3,3621,2,4,2,2,1,4,3,31,2,2,2,1,1,1,1,1
284,1,12,2,3,741,2,1,4,1,1,3,2,22,2,2,1,1,1,1,1,1
285,1,12,2,2,7865,1,4,4,2,1,4,4,53,2,3,1,1,1,2,1,0
286,1,18,3,4,5302,1,4,2,2,1,4,4,36,2,3,2,1,1,2,1,1
287,1,18,2,3,3509,1,3,4,1,2,1,1,25,2,2,1,1,1,1,1,1
288,1,12,2,2,1657,1,2,2,2,1,2,1,27,2,2,1,1,1,1,1,1
289,1,36,3,2,6229,1,1,4,1,2,4,4,23,2,1,2,1,1,2,1,0
290,1,30,1,2,4583,1,2,2,1,2,2,1,32,2,2,2,1,1,1,1,0
291,1,36,3,2,5371,1,2,3,2,2,2,2,28,2,2,2,1,1,1,1,0
292,1,36,2,2,2712,1,4,2,2,1,2,2,41,1,2,1,1,2,1,1,1
293,2,6,3,2,1050,1,1,4,2,1,1,2,35,1,2,2,1,1,2,2,1
294,1,6,3,4,609,1,3,4,1,1,3,2,37,2,2,2,1,1,1,1,1
295,2,24,2,2,3069,2,4,4,2,1,4,4,30,2,3,1,1,1,1,1,1
296,2,12,2,4,836,2,1,4,1,1,2,2,23,1,2,1,1,1,1,1,0
297,1,15,2,2,1845,1,1,4,1,2,1,2,46,2,1,1,1,1,1,1,1
298,1,24,2,1,6579,1,1,4,2,1,2,4,29,2,3,1,1,1,2,1,1
299,1,30,2,2,3108,1,1,2,1,1,4,2,31,2,2,1,1,1,1,1,1
300,3,24,3,4,6314,1,1,4,2,2,2,4,27,1,2,2,1,1,2,1,0
301,1,12,2,2,3590,1,2,2,2,2,2,2,29,2,2,1,1,2,1,1,1
302,1,6,3,2,1872,1,1,4,2,1,4,4,36,2,3,2,1,1,2,1,1
303,3,6,2,4,1238,4,1,4,2,1,4,2,36,2,2,1,1,2,2,1,1
304,1,12,2,2,2578,1,1,3,1,1,4,4,55,2,3,1,1,1,1,1,1
305,1,15,3,2,1433,1,2,4,1,1,3,2,25,2,1,2,1,1,1,1,1
306,1,42,2,2,7882,1,3,2,2,2,4,2,45,2,3,1,1,2,1,1,0
307,1,24,2,2,4169,1,2,4,2,1,4,2,28,2,2,1,1,1,1,1,0
308,1,36,2,2,3959,1,1,4,2,1,3,2,30,2,2,1,1,1,2,1,0
309,1,36,2,4,3249,1,3,2,2,1,4,4,39,1,3,1,1,2,2,1,0
310,1,24,2,2,3149,1,1,4,2,1,1,4,22,1,3,1,1,1,1,1,1
311,1,13,3,4,1797,1,1,3,2,1,1,2,28,1,2,2,1,1,1,1,1
312,1,20,3,2,4272,1,4,1,1,1,4,2,24,2,2,2,1,1,1,1,1
313,1,24,3,1,2957,1,4,4,2,1,4,2,63,2,2,2,1,1,2,1,1
314,3,42,1,4,6289,1,1,2,1,1,1,2,33,2,2,2,1,1,1,1,0
315,1,36,2,4,15857,1,1,2,1,2,3,3,43,2,2,1,1,1,1,1,0
316,3,24,3,3,2223,2,4,4,2,1,4,2,52,1,2,2,1,1,1,1,1
317,2,30,3,4,2503,2,4,4,2,1,2,2,41,1,2,2,1,1,1,1,1
318,2,6,2,3,368,4,4,4,2,1,4,2,38,2,2,1,1,1,1,1,1
319,3,24,3,3,2424,4,4,4,2,1,4,2,53,2,2,2,1,1,1,1,1
320,2,18,3,4,2427,4,4,4,2,1,2,2,42,2,2,2,1,1,1,1,1
321,2,24,3,3,1216,2,1,4,2,1,4,4,38,1,2,2,1,2,1,1,0
322,2,6,2,3,753,1,2,2,1,2,3,1,64,2,2,1,1,1,1,1,1
323,2,6,2,3,590,1,1,3,3,1,3,1,26,2,2,1,1,1,1,2,1
324,1,8,3,4,713,1,4,4,2,1,4,1,47,2,2,2,1,1,1,1,1
325,2,12,2,3,1092,1,2,4,1,2,4,1,49,2,2,2,1,1,2,1,1
326,2,7,2,3,2329,1,1,1,1,2,1,1,45,2,2,1,1,1,1,1,1
327,2,13,3,3,882,1,1,4,2,2,4,1,23,2,2,2,1,1,1,1,1
328,2,7,2,3,2415,1,2,3,2,2,2,1,34,2,2,1,1,1,1,1,1
329,2,13,2,3,2101,1,1,2,1,2,4,2,23,2,2,1,1,1,1,1,1
330,2,18,2,3,1113,1,2,4,1,2,4,1,26,2,2,1,1,2,1,1,1
331,3,6,3,4,1323,2,4,2,1,1,4,3,28,2,2,2,1,2,2,1,1
332,2,15,3,3,2728,4,3,4,2,2,2,1,35,1,2,2,1,1,2,1,1
333,2,10,1,3,1048,1,2,4,2,1,4,1,23,1,2,1,1,1,1,1,0
334,2,12,2,3,1155,1,4,3,3,2,3,1,40,1,2,2,1,1,1,1,1
335,2,20,3,1,7057,4,3,3,2,1,4,2,36,1,1,2,1,2,2,1,1
336,2,15,3,3,1537,4,4,4,2,2,4,1,50,2,2,2,1,1,2,1,1
337,1,12,2,3,2214,1,2,4,2,1,3,2,24,2,2,1,1,1,1,1,1
338,3,24,3,2,1585,1,3,4,2,1,3,2,40,2,2,2,1,1,1,1,1
339,2,10,2,2,1521,1,2,4,1,1,2,3,31,2,2,1,1,1,1,1,1
340,2,36,1,3,3990,4,1,3,1,1,2,4,29,1,2,1,1,1,1,1,0
341,3,18,2,2,3049,1,1,1,1,1,1,2,45,1,2,1,1,1,1,1,1
342,1,24,2,3,1282,2,2,4,1,1,2,3,32,2,2,1,1,1,1,1,1
343,3,60,2,3,10144,2,3,2,1,1,4,1,21,2,2,1,1,1,2,1,1
344,1,12,2,4,1168,1,2,4,3,1,3,1,27,2,2,1,1,1,1,1,0
345,3,12,2,2,1768,1,2,3,2,1,2,1,24,2,1,1,1,1,1,1,1
346,3,60,3,3,15653,1,3,2,2,1,4,3,21,2,2,2,1,1,2,1,1
347,1,36,2,1,8335,4,4,3,2,1,4,4,47,2,3,1,1,1,1,1,0
348,2,36,3,1,5800,1,2,3,2,1,4,3,34,2,2,2,1,1,2,1,1
349,1,18,3,3,8471,4,2,1,1,1,2,3,23,2,1,2,1,1,2,1,1
350,1,30,2,2,3622,3,4,4,1,1,4,2,57,2,1,2,1,1,2,1,1
351,1,6,3,3,1169,4,4,4,2,1,4,1,67,2,2,2,1,1,2,1,1
352,3,15,2,3,1262,3,3,4,2,1,3,2,36,2,2,2,1,1,2,1,1
353,1,42,3,3,3394,1,1,4,2,2,4,3,65,2,2,2,1,1,1,1,0
354,3,36,3,4,6304,4,4,4,2,1,4,1,36,2,2,2,1,1,1,1,1
355,3,6,2,4,3518,1,2,2,2,2,3,2,26,2,1,1,1,1,1,1,1
356,2,72,2,3,5595,2,2,2,3,1,2,3,24,2,2,1,1,1,1,1,1
357,3,21,3,1,2993,1,2,3,2,1,2,1,28,1,2,2,1,1,1,1,1
358,3,36,3,1,8947,4,3,3,2,1,2,3,31,1,2,1,1,2,2,1,1
359,2,18,2,1,2779,1,2,1,3,1,3,3,21,2,1,1,1,1,2,1,1
360,2,42,1,1,9283,1,1,1,2,1,2,4,55,1,3,1,1,1,2,1,0
361,3,15,3,1,3368,3,4,3,2,1,4,4,23,2,1,2,1,1,2,1,1
362,1,36,2,1,5493,1,4,2,2,1,4,4,42,2,3,1,1,2,1,1,0
363,2,9,2,3,1082,1,4,4,2,1,4,3,37,2,2,2,1,1,1,1,1
364,2,20,1,1,6148,2,4,3,3,1,4,3,31,1,2,2,1,1,2,1,1
365,3,12,2,3,3059,3,3,2,1,1,4,1,61,2,2,1,1,1,1,1,1
366,1,24,2,2,2996,4,2,2,3,1,4,3,20,2,2,1,1,1,1,1,1
367,3,30,3,1,7596,4,4,1,2,1,4,3,63,2,2,2,1,1,1,1,1
368,3,6,2,2,1766,1,2,1,3,1,2,2,21,2,1,1,1,1,1,1,1
369,2,24,2,1,2760,4,4,4,2,1,4,4,36,1,3,1,1,1,2,1,1
370,1,9,2,4,654,1,2,4,2,1,3,3,28,2,2,1,1,1,1,1,0
371,2,9,3,3,1136,3,4,4,2,1,3,4,32,2,3,2,1,2,1,1,1
372,1,24,3,4,1199,1,4,4,2,1,4,3,60,2,2,2,1,1,1,1,1
373,1,12,1,4,1082,1,2,4,2,1,4,3,48,1,2,2,1,1,1,1,0
374,1,18,2,3,2600,1,2,4,2,1,4,4,65,2,3,2,1,1,1,1,1
375,3,21,1,4,5003,4,2,1,1,1,4,2,29,1,2,2,1,1,2,1,1
376,3,24,3,4,2538,1,4,4,2,1,4,3,47,2,2,2,1,2,1,1,1
377,3,9,2,3,1478,1,3,4,2,1,2,3,22,2,2,1,1,1,1,1,1
378,2,39,3,3,4933,1,3,2,2,2,2,1,25,2,2,2,1,1,1,1,0
379,3,18,3,4,1530,1,2,3,2,1,2,2,32,1,2,2,1,1,1,1,1
380,1,15,2,3,1275,4,2,4,1,1,2,3,24,2,1,1,1,1,1,1,0
381,1,24,2,3,1823,1,1,4,2,1,2,3,30,1,2,1,1,2,1,1,1
382,1,9,2,4,1422,1,1,3,2,1,2,4,27,2,3,1,1,1,2,1,1
383,1,36,2,4,9271,1,3,2,2,1,1,3,24,2,2,1,1,1,2,1,0
384,1,6,3,2,3384,1,2,1,1,1,4,1,44,2,1,1,1,1,2,1,1
385,2,18,3,3,1245,1,2,4,3,1,2,3,33,2,2,1,1,1,1,1,1
386,3,15,2,3,4623,2,2,3,2,1,2,2,40,2,2,1,1,1,2,1,1
387,2,30,3,2,8386,1,3,2,2,1,2,2,49,2,2,1,1,1,1,1,1
388,1,24,3,3,1024,1,1,4,3,1,4,1,48,1,2,1,1,1,1,1,1
389,1,12,1,3,2149,1,2,4,1,1,1,4,29,2,3,1,1,1,1,1,0
390,3,24,2,3,2397,3,4,3,2,1,2,3,35,1,2,2,1,1,2,1,1
391,2,6,1,4,931,2,1,1,1,1,1,2,32,1,2,1,1,1,1,1,1
392,1,24,1,2,6872,1,1,2,1,1,1,2,55,1,2,1,1,1,2,1,0
393,1,12,2,3,795,1,1,4,1,1,4,2,53,2,2,1,1,1,1,1,1
394,2,36,1,4,1953,1,4,4,2,1,4,4,61,2,3,1,1,1,2,1,0
395,3,21,3,3,2319,1,1,2,1,1,1,3,33,2,1,1,1,1,1,1,1
396,1,24,2,4,915,4,4,4,1,1,2,3,29,1,2,1,1,1,1,1,1
397,1,24,2,4,1381,4,2,4,1,1,2,2,35,2,2,1,1,1,1,1,1
398,1,24,2,4,1285,4,3,4,1,1,4,4,32,2,1,1,1,1,1,1,1
399,2,18,2,4,1042,4,2,4,1,1,2,2,33,2,2,1,1,1,1,1,1
400,1,24,2,4,1207,1,1,4,1,1,4,2,24,2,1,1,1,1,1,1,0
401,2,18,1,4,2278,2,1,3,1,1,3,3,28,2,2,2,1,1,1,1,0
402,1,24,2,2,3345,1,4,4,2,1,2,2,39,2,1,1,1,1,2,1,1
403,1,6,1,3,1198,1,4,4,1,1,4,4,35,2,3,1,1,1,1,1,0
404,3,18,2,3,1943,1,1,4,1,1,4,1,23,2,2,1,1,1,1,1,1
405,1,18,2,3,3190,1,2,2,1,1,2,1,24,2,2,1,1,1,1,1,1
406,3,18,3,2,1808,1,3,4,1,1,1,1,22,2,2,1,1,1,1,1,1
407,2,8,2,2,1237,1,2,3,1,1,4,1,24,2,2,1,1,1,1,1,1
408,2,48,2,3,10961,3,3,1,2,2,2,4,27,1,2,2,1,1,2,1,0
409,1,24,2,3,1938,1,1,4,1,1,3,2,32,2,2,1,1,1,1,1,0
410,1,21,2,3,1835,1,2,3,1,1,2,1,25,2,2,2,1,1,2,1,0
411,1,24,3,3,1659,1,1,4,1,1,2,3,29,2,1,1,1,1,2,1,0
412,2,6,3,4,1209,1,1,4,2,1,4,2,47,2,2,1,1,1,2,1,1
413,2,48,1,4,3844,2,3,4,2,1,4,4,34,2,3,1,1,2,1,1,0
414,1,12,3,4,4843,1,4,3,2,2,4,2,43,2,1,2,1,1,2,1,0
415,3,36,3,3,4463,1,2,4,2,1,2,3,26,2,2,2,1,1,2,1,1
416,2,24,2,1,11560,1,2,1,1,1,4,3,23,2,1,2,1,1,1,1,0
417,3,18,1,4,4165,1,2,2,2,1,2,3,36,1,2,2,1,2,1,1,1
418,2,24,2,2,4057,1,3,3,1,1,3,3,43,2,2,1,1,1,2,1,1
419,3,18,1,4,6458,1,4,2,2,1,4,4,39,1,2,2,1,2,2,1,1
420,1,36,2,3,1977,4,4,4,2,1,4,4,40,2,2,1,1,1,2,1,1
421,2,24,2,4,11328,1,2,2,2,2,3,3,29,1,2,2,1,1,2,1,0
422,2,60,1,4,14782,2,4,3,1,1,4,4,60,1,3,2,1,1,2,1,0
423,1,12,1,3,626,1,2,4,1,1,4,1,24,1,2,1,1,1,1,1,0
424,1,36,2,3,2302,1,2,4,1,1,4,3,31,2,1,1,1,1,1,1,0
425,1,12,2,3,727,2,1,4,3,1,3,4,33,2,2,1,1,1,2,1,0
426,3,48,2,4,3914,4,2,4,1,1,2,1,38,1,2,1,1,1,1,1,1
427,2,12,2,3,1534,1,1,1,3,1,1,1,23,2,1,1,1,1,1,1,1
428,3,15,3,3,1271,4,2,3,2,1,4,4,39,2,3,2,1,1,2,1,1
429,2,12,2,4,1295,1,1,3,1,1,1,3,25,2,1,1,1,1,1,1,1
430,2,12,2,2,951,2,1,4,1,1,4,3,27,1,1,2,1,1,1,1,1
431,1,48,2,3,3051,1,2,3,2,1,4,3,54,2,2,1,1,1,1,1,0
432,3,18,2,3,433,1,1,3,1,2,4,1,22,2,1,1,1,1,1,1,1
433,2,30,3,4,5234,1,1,4,3,1,2,3,28,2,2,2,1,1,1,1,0
434,1,9,2,3,1366,1,1,3,1,1,4,2,22,2,1,1,1,1,1,1,1
435,1,18,2,2,2473,1,1,4,2,1,1,3,25,2,2,1,1,1,1,1,1
436,1,48,2,4,7763,1,4,4,2,1,4,4,42,1,3,1,1,1,1,1,0
437,2,15,1,4,1264,2,2,2,3,1,2,2,25,2,1,1,1,1,1,1,0
438,2,48,2,4,6560,2,3,3,2,1,2,2,24,2,2,1,1,1,1,1,1
439,1,24,2,4,3123,1,1,4,1,1,1,2,27,2,2,1,1,1,1,1,1
440,1,36,3,1,9629,1,3,4,2,1,4,3,24,2,2,2,1,1,2,1,0
441,1,18,2,2,1131,1,1,4,1,1,2,3,33,2,2,1,1,1,1,1,1
442,2,18,2,1,12976,1,1,3,1,1,4,4,38,2,3,1,1,1,2,1,0
443,2,27,2,4,3915,1,2,4,2,1,2,3,36,2,2,1,1,2,2,1,0
444,1,12,2,4,2579,1,1,4,2,1,1,1,33,2,2,1,1,2,1,1,1
445,1,18,2,2,4153,1,2,2,2,2,3,3,42,2,2,1,1,1,1,1,1
446,1,18,1,2,3114,1,1,1,1,1,4,2,26,2,1,1,1,1,1,1,0
447,1,18,3,2,2124,1,2,4,1,1,4,1,24,2,1,2,1,1,1,1,1
448,1,30,2,2,2406,1,3,4,1,1,4,1,23,2,1,1,1,1,1,1,1
449,1,24,3,4,1333,1,1,4,2,1,2,1,43,2,3,2,1,2,1,1,1
450,1,12,3,4,691,1,4,4,2,1,3,2,35,2,2,2,1,1,1,1,1
451,1,42,3,3,4370,1,3,3,2,1,2,2,26,1,2,2,1,2,2,1,0
452,1,24,1,2,4110,1,4,3,2,1,4,4,23,1,1,2,1,2,1,1,0
453,1,18,2,2,2462,1,2,2,2,1,2,3,22,2,2,1,1,1,1,1,1
454,1,12,2,2,1282,1,2,2,1,1,4,3,20,2,1,1,1,1,1,1,1
455,2,12,1,2,2969,1,1,4,1,1,3,2,25,2,1,2,1,1,1,1,0
456,1,48,1,1,4605,1,4,3,2,1,4,4,24,2,3,2,1,2,1,1,0
457,1,48,3,1,6331,1,4,4,2,1,4,4,46,2,3,2,1,1,2,1,0
458,1,27,1,4,5293,1,1,2,2,1,4,2,50,2,2,2,1,1,2,1,0
459,1,21,3,3,3414,1,1,2,2,1,1,2,26,1,2,2,1,1,1,1,1
460,1,48,2,1,10297,1,3,4,2,1,4,4,39,2,3,2,1,2,2,1,0
461,2,48,1,4,14421,1,2,2,2,1,2,3,25,1,2,1,1,1,2,1,0
462,2,18,3,4,1056,1,4,3,2,2,3,1,30,2,2,2,1,1,1,1,1
463,1,12,2,4,1372,1,3,2,1,1,3,3,36,2,2,1,1,1,1,1,1
464,2,18,3,4,884,1,4,4,2,1,4,3,36,2,2,1,1,2,2,1,1
465,2,36,3,4,8086,2,4,2,2,1,4,3,42,1,2,2,1,1,2,1,1
466,3,48,3,4,10127,3,2,2,2,1,2,4,44,2,3,1,1,1,1,1,1
467,2,36,2,4,12389,4,2,1,2,1,4,4,37,1,3,1,1,1,2,1,1
468,1,12,2,3,709,1,4,4,2,1,4,1,57,2,2,1,1,1,1,1,1
469,2,15,1,4,6850,2,1,1,2,1,2,2,34,1,2,1,1,2,2,1,1
470,3,10,2,2,2210,1,2,2,2,1,2,1,25,2,1,1,1,1,1,1,1
471,3,30,1,1,7485,4,1,4,1,1,1,1,53,1,2,1,1,1,2,1,1
472,2,45,3,3,4746,1,1,4,2,1,2,2,24,1,2,2,1,1,1,1,0
473,3,12,3,4,939,3,3,4,3,1,2,1,28,2,2,2,1,1,2,1,1
474,3,48,3,1,11590,2,2,2,1,1,4,3,24,2,1,2,1,1,1,1,1
475,3,12,1,4,609,1,1,4,1,1,1,1,26,1,2,1,1,1,1,1,1
476,1,18,3,3,1190,1,1,2,1,1,4,4,55,2,3,2,1,2,1,1,1
477,2,21,2,4,2767,2,4,4,1,1,2,3,61,2,1,2,1,1,1,1,1
478,2,30,2,2,3441,2,2,2,1,2,4,3,21,1,1,1,1,1,1,1,1
479,3,18,2,4,6761,4,2,2,2,1,4,3,68,1,1,2,1,1,1,1,1
480,2,54,1,4,15945,1,1,3,2,1,4,4,58,2,1,1,1,1,2,1,0
481,1,24,2,2,3234,1,1,4,1,1,4,1,23,2,1,1,1,1,2,1,1
482,2,15,2,3,802,1,4,4,2,1,3,3,37,2,2,1,1,2,1,1,1
483,1,21,1,4,1647,4,2,4,2,1,2,2,40,1,2,2,1,2,1,1,0
484,2,27,1,4,8318,1,4,2,1,1,4,4,42,1,3,2,1,1,2,1,0
485,1,6,2,3,448,1,1,4,1,1,4,2,23,2,2,1,1,1,1,1,1
486,1,30,2,3,11998,1,1,1,1,1,1,4,34,1,2,1,1,1,2,1,0
487,2,12,2,2,2762,4,4,1,1,1,2,2,25,2,2,1,1,1,2,1,1
488,1,12,2,1,3386,1,4,3,2,1,4,4,35,2,3,1,1,1,2,1,1
489,2,24,2,3,2039,1,1,1,3,1,1,2,22,2,2,1,1,1,2,1,1
490,1,18,2,3,1882,1,2,4,1,1,4,3,25,1,1,2,1,1,1,1,1
491,1,48,2,3,6999,1,3,1,3,2,1,1,34,2,2,2,1,1,2,1,1
492,1,18,2,4,976,1,1,1,1,1,2,3,23,2,2,1,1,1,1,1,0
493,2,24,2,4,2718,1,2,3,1,1,4,2,20,2,1,1,1,1,2,1,0
494,1,18,2,3,750,1,1,4,1,1,1,1,27,2,2,1,1,1,1,1,1
495,1,18,3,4,3966,1,4,1,1,1,4,1,33,1,1,2,1,1,2,1,1
496,1,12,1,3,6199,1,2,4,2,1,2,2,28,2,1,2,1,1,2,1,0
497,1,24,2,3,1987,1,2,2,2,1,4,1,21,2,1,1,1,2,1,1,1
498,1,24,2,4,2303,1,4,4,2,2,1,1,45,2,2,1,1,1,1,1,1
499,1,30,2,2,6350,4,4,4,2,1,4,2,31,2,2,1,1,1,1,1,1
